item_id	slot_type	max_hp_bonus	attack_bonus	defense_bonus	speed_bonus	attack_type_id	attack_element	attack_damage_type	attack_min_range	attack_max_range	combat_style	move_style
knife	HAND	0	20	0	0	melee	neutral	physical	1	1	MELEE	APPROACH
bow	HAND	0	10	0	0	melee	neutral	physical	1	5	LONG	KEEP_DISTANCE
cloth_armor	BODY	0	0	20	0	melee	neutral	physical	1	1	AUTO	AUTO
power_ring	ACCESSORY	0	20	0	0	melee	neutral	physical	1	1	AUTO	AUTO
sample_copper_guard_ring	ACCESSORY	3	0	0	0	melee	neutral	physical	1	1	AUTO	AUTO
sample_poison_knife	HAND	0	3	0	0	melee	neutral	physical	1	1	MELEE	APPROACH
sample_dud_flame_knife	HAND	0	3	0	0	melee	neutral	physical	1	1	MELEE	APPROACH
sample_unstable_flame_knife	HAND	0	3	0	0	melee	neutral	physical	1	1	MELEE	APPROACH
sample_combo_knife	HAND	0	3	0	0	melee	neutral	physical	1	1	MELEE	APPROACH
